1000-sbb1,Seat Belt
1000-sbb2,Seat Belt
1000-sbb3,Seat Belt
1003-hmirror1,Honda mirror
1003-hmirror2,Honda mirror
1003-hmirror3,Honda mirror
1003-hmirror4,Honda mirror
1003-hmirror5,Honda mirror
1003-hmirror6,Honda mirror
1003-hmirror7,Honda mirror
1003-hmirror8,Honda mirror
1003-hmirror9,Honda mirror
1003-hmirror10,Honda mirror
1003-hmirror11,Honda mirror
1003-hmirror12,Honda mirror
1015-twindow1,toyata window
1015-twindow2,toyata window
1015-twindow3,toyata window
1015-twindow4,toyata window
1015-twindow5,toyata window
1015-twindow6,toyata window
1015-twindow7,toyata window
1015-twindow8,toyata window
1111-Invoice,Invoice line
1234-abcd,Test Part Number
9999-charge,Stealth charge added for rude customers
